{"cameraMode":{"drawMode":0,"name":"Shaded","section":"Shading Mode"},"sceneLighting":true,"audioPlay":false,"sceneViewState":{"m_AlwaysRefresh":false,"showFog":true,"showSkybox":true,"showFlares":true,"showImageEffects":true,"showParticleSystems":true,"showVisualEffectGraphs":true,"m_FxEnabled":true},"in2DMode":false,"pivot":{"x":-1.5573265552520753,"y":15.644033432006836,"z":-17.248292922973634},"rotation":{"x":0.15149444341659547,"y":0.06521608680486679,"z":-0.009782923385500908,"w":0.9863402247428894},"size":1.9120419025421143,"orthographic":false}